node,Fx,Fy,Fz,Mx,My,Mz
1,-125.42963930204938,0.871516221336283,57.982140685878846,-2.910926739645378,-218.1535185075247,-0.00019056775923338617
4,-114.5703606979506,25.961043965001565,17.01785931412114,0.0,0.0,0.0
5,-125.4296393020494,-0.8715162213362835,57.982140685878846,2.9109267396453795,-218.15351850752472,0.00019056775923338782
8,-114.57036069795069,-25.96104396500157,17.017859314121132,0.0,0.0,0.0
