element,type,node_i,node_j,length,axial_force
1,3d_frame,1,2,10.0,-158.2439650318681
2,3d_frame,2,3,4.0,-62.51429928914361
3,3d_frame,3,4,4.0,-62.514299289143636
4,3d_frame,5,6,10.0,-158.2439650318681
5,3d_frame,6,7,4.0,-62.5142992891437
6,3d_frame,7,8,4.0,-62.51429928914367
7,3d_frame,1,5,5.0,0.0
8,3d_frame,2,6,5.0,19.026740356135832
9,3d_frame,2,8,9.433981132056603,-42.28180786576963
10,3d_frame,4,6,9.433981132056603,-42.28180786576962
