node,ux,uy,uz,rx,ry,rz
1,0.0,0.0,0.0,0.0,0.0,0.0
2,0.0006163515624486983,-6.614130156445611e-05,-0.0006118341530819948,-0.003267877347569803,-0.02016935937296107,2.4778209977187055e-05
3,0.00030817578122434904,1.3941816116644478e-05,-0.04834231113657979,0.02330177251858416,0.010717798036526095,1.1765505779460108e-05
4,0.0,0.0,0.0,0.04987142238473812,-0.023160708387954813,-2.2234256921685435e-05
5,0.0,0.0,0.0,0.0,0.0,0.0
6,0.0006163515624486988,6.614130156445758e-05,-0.0006118341530819948,0.003267877347569802,-0.02016935937296107,-2.477820997718729e-05
7,0.00030817578122434937,-1.3941816116643762e-05,-0.04834231113657978,-0.023301772518584153,0.01071779803652609,-1.1765505779460299e-05
8,0.0,0.0,0.0,-0.0498714223847381,-0.023160708387954795,2.2234256921685272e-05
