element,type,node_i,node_j,length,axial_force
1,3d_frame,1,2,10.0,-58.001877712173105
2,3d_frame,2,3,4.0,-73.03766015017078
3,3d_frame,3,4,4.0,-73.03766015017072
4,3d_frame,5,6,10.0,-58.001877712173105
5,3d_frame,6,7,4.0,-73.03766015017082
6,3d_frame,7,8,4.0,-73.0376601501708
7,3d_frame,1,5,5.0,0.0
8,3d_frame,2,6,5.0,25.080781553242037
9,3d_frame,2,8,9.433981132056603,-48.998881799948386
10,3d_frame,4,6,9.433981132056603,-48.998881799948364
