{
  "nodes": {
    "1": [0.0, 0.0, 0.0],
    "2": [0.0, 0.0, 10.0],
    "3": [4.0, 0.0, 10.0],
    "4": [8.0, 0.0, 10.0],

    "5": [0.0, 5.0, 0.0],
    "6": [0.0, 5.0, 10.0],
    "7": [4.0, 5.0, 10.0],
    "8": [8.0, 5.0, 10.0]
  },

  "elements": {
    "1": { "type": "3d_frame", "nodes": [1, 2], "E": 200000000.0, "G": 76923076.9, "A": 0.00474, "I": 0.0000222, "J": 0.000001 },
    "2": { "type": "3d_frame", "nodes": [2, 3], "E": 200000000.0, "G": 76923076.9, "A": 0.00474, "I": 0.0000222, "J": 0.000001 },
    "3": { "type": "3d_frame", "nodes": [3, 4], "E": 200000000.0, "G": 76923076.9, "A": 0.00474, "I": 0.0000222, "J": 0.000001 },

    "4": { "type": "3d_frame", "nodes": [5, 6], "E": 200000000.0, "G": 76923076.9, "A": 0.00474, "I": 0.0000222, "J": 0.000001 },
    "5": { "type": "3d_frame", "nodes": [6, 7], "E": 200000000.0, "G": 76923076.9, "A": 0.00474, "I": 0.0000222, "J": 0.000001 },
    "6": { "type": "3d_frame", "nodes": [7, 8], "E": 200000000.0, "G": 76923076.9, "A": 0.00474, "I": 0.0000222, "J": 0.000001 },

    "7": { "type": "3d_frame", "nodes": [1, 5], "E": 200000000.0, "G": 76923076.9, "A": 0.00474, "I": 0.0000222, "J": 0.000001 },
    "8": { "type": "3d_frame", "nodes": [2, 6], "E": 200000000.0, "G": 76923076.9, "A": 0.00474, "I": 0.0000222, "J": 0.000001 },
    "9": { "type": "3d_frame", "nodes": [2, 8], "E": 200000000.0, "G": 76923076.9, "A": 0.00474, "I": 0.0000222, "J": 0.000001 },
    "10": { "type": "3d_frame", "nodes": [4, 6], "E": 200000000.0, "G": 76923076.9, "A": 0.00474, "I": 0.0000222, "J": 0.000001 }
  },

  "supports": {
    "1": [1, 1, 1, 1, 1, 1],
    "4": [1, 1, 1, 0, 0, 0],
    "5": [1, 1, 1, 1, 1, 1],
    "8": [1, 1, 1, 0, 0, 0]
  },

  "nodal_loads": {
    "3": [0.0, 0.0, -75.0, 0.0, 0.0, 0.0],
    "7": [0.0, 0.0, -75.0, 0.0, 0.0, 0.0]
  },

  "member_loads": {
    "1": { "wy": -24.0, "wz": 0.0 },
    "4": { "wy": -24.0, "wz": 0.0 }
  },

  "temperature_loads": {
    "1": { "alpha": 0.000012, "deltaT": 10.0 },
    "4": { "alpha": 0.000012, "deltaT": 10.0 }
  },

  "gradient_temperature_loads": {
    "2": { "alpha": 0.000012, "deltaTz": -10.0, "depth_z": 0.003},
    "3": { "alpha": 0.000012, "deltaTz": -10.0, "depth_z": 0.003},
    "5": { "alpha": 0.000012, "deltaTz": -10.0, "depth_z": 0.003},
    "6": { "alpha": 0.000012, "deltaTz": -10.0, "depth_z": 0.003}
  },

  "support_displacements": {},

  "fabrication_error_loads": {}
}