{
  "nodes": {
    "1": [0.0, 0.0, 0.0],
    "2": [6.0, 0.0, 0.0],
    "3": [12.0, 0.0, 0.0],
    "4": [18.0, 0.0, 0.0],
    "5": [6.0, 3.0, 2.0],
    "6": [12.0, 3.0, 2.0]
  },
  "elements": {
    "1": {"type": "3d_frame", "nodes": [1, 2], "E": 200000000.0, "A": 0.02, "I": 0.00008, "J": 0.00005},
    "2": {"type": "3d_frame", "nodes": [2, 3], "E": 200000000.0, "A": 0.02, "I": 0.00008, "J": 0.00005},
    "3": {"type": "3d_frame", "nodes": [3, 4], "E": 200000000.0, "A": 0.02, "I": 0.00008, "J": 0.00005},
    "4": {"type": "3d_truss", "nodes": [1, 5], "E": 200000000.0, "A": 0.01},
    "5": {"type": "3d_truss", "nodes": [2, 5], "E": 200000000.0, "A": 0.01},
    "6": {"type": "3d_truss", "nodes": [2, 6], "E": 200000000.0, "A": 0.01},
    "7": {"type": "3d_truss", "nodes": [3, 5], "E": 200000000.0, "A": 0.01},
    "8": {"type": "3d_truss", "nodes": [3, 6], "E": 200000000.0, "A": 0.01},
    "9": {"type": "3d_truss", "nodes": [4, 6], "E": 200000000.0, "A": 0.01},
    "10": {"type": "3d_truss", "nodes": [5, 6], "E": 200000000.0, "A": 0.01}
  },
  "supports": {
    "1": [1, 1, 1, 1, 1, 1],
    "4": [1, 1, 1, 1, 1, 1]
  },
  "nodal_loads": {
    "5": [0.0, -15.0, -10.0, 0.0, 0.0, 0.0],
    "6": [0.0, -15.0, -10.0, 0.0, 0.0, 0.0]
  }
}
