{
  "nodes": {
    "1": [0.0, 0.0, 0.0],
    "2": [0.0, 0.0, 5.0],
    "3": [8.0, 0.0, 5.0],
    "4": [8.0, 0.0, 0.0],

    "5": [0.0, 5.0, 0.0],
    "6": [0.0, 5.0, 5.0],
    "7": [8.0, 5.0, 5.0],
    "8": [8.0, 5.0, 0.0]
  },

  "elements": {
    "1": { "type": "3d_frame", "nodes": [1, 2], "E": 200000000.0, "G": 76923076.9, "A": 0.005, "I": 0.00002, "J": 0.000001 },
    "2": { "type": "3d_frame", "nodes": [2, 3], "E": 200000000.0, "G": 76923076.9, "A": 0.005, "I": 0.00002, "J": 0.000001 },
    "3": { "type": "3d_frame", "nodes": [3, 4], "E": 200000000.0, "G": 76923076.9, "A": 0.005, "I": 0.00002, "J": 0.000001 },
    "4": { "type": "3d_frame", "nodes": [5, 6], "E": 200000000.0, "G": 76923076.9, "A": 0.005, "I": 0.00002, "J": 0.000001 },
    "5": { "type": "3d_frame", "nodes": [6, 7], "E": 200000000.0, "G": 76923076.9, "A": 0.005, "I": 0.00002, "J": 0.000001 },
    "6": { "type": "3d_frame", "nodes": [7, 8], "E": 200000000.0, "G": 76923076.9, "A": 0.005, "I": 0.00002, "J": 0.000001 },
    "7": { "type": "3d_frame", "nodes": [1, 5], "E": 200000000.0, "G": 76923076.9, "A": 0.005, "I": 0.00002, "J": 0.000001 },
    "8": { "type": "3d_frame", "nodes": [2, 6], "E": 200000000.0, "G": 76923076.9, "A": 0.005, "I": 0.00002, "J": 0.000001 },
    "9": { "type": "3d_frame", "nodes": [3, 7], "E": 200000000.0, "G": 76923076.9, "A": 0.005, "I": 0.00002, "J": 0.000001 },
    "10": { "type": "3d_frame", "nodes": [4, 8], "E": 200000000.0, "G": 76923076.9, "A": 0.005, "I": 0.00002, "J": 0.000001 },
    "11": { "type": "3d_truss", "nodes": [1, 6], "E": 200000000.0, "A": 0.003 },
    "12": { "type": "3d_truss", "nodes": [2, 5], "E": 200000000.0, "A": 0.003 },
    "13": { "type": "3d_truss", "nodes": [4, 7], "E": 200000000.0, "A": 0.003 },
    "14": { "type": "3d_truss", "nodes": [3, 8], "E": 200000000.0, "A": 0.003 },
    "15": { "type": "3d_truss", "nodes": [2, 7], "E": 200000000.0, "A": 0.003 },
    "16": { "type": "3d_truss", "nodes": [3, 6], "E": 200000000.0, "A": 0.003 }
  },

  "supports": {
    "1": [1, 1, 1, 1, 1, 1],
    "4": [1, 1, 1, 0, 0, 0],
    "5": [1, 1, 1, 1, 1, 1],
    "8": [1, 1, 1, 0, 0, 0]
  },

  "member_loads": {
    "1": { "wy": 2.0, "wz": 0.0 },
    "3": { "wy": -3.0, "wz": 0.0 },
    "2": { "wy": 0.0, "wz": -5.0 },

    "4": { "wy": 2.0, "wz": 0.0 },
    "6": { "wy": -3.0, "wz": 0.0 },
    "5": { "wy": 0.0, "wz": -5.0 }
  }
}