node,Fx,Fy,Fz,Mx,My,Mz
1,-125.4059565482041,0.8740865339399497,58.001877712173105,-2.919495127378756,-218.07458717942575,-0.0001906016151519507
4,-114.59404345179587,25.96651590465137,16.998122287826895,0.0,0.0,0.0
5,-125.4059565482041,-0.8740865339399496,58.001877712173105,2.9194951273787555,-218.07458717942575,0.0001906016151519525
8,-114.59404345179597,-25.966515904651384,16.998122287826906,0.0,0.0,0.0
