node,Fx,Fy,Fz,Mx,My,Mz
1,524.3767762357126,68.2303063894958,12.824581572952148,-0.8655543556348558,35.48021392936995,26.70821709078359
11,0.0,37.42331694733572,-9.697519038794802,-0.8989215534453022,-26.658107438077632,-85.71960543669337
23,-524.3767762357128,59.776683052678756,-124.82458157294985,-0.8663438070874506,60.55071421971577,26.629765589887658
33,0.0,28.96969361051914,-102.30248096119655,-0.8997110048978987,-69.37282071100678,-85.6411539357975
